MDVP:Fo(Hz),MDVP:Fhi(Hz),MDVP:Flo(Hz),MDVP:Jitter(%),MDVP:Jitter(Abs),MDVP:RAP,MDVP:PPQ,Jitter:DDP,MDVP:Shimmer,MDVP:Shimmer(dB),Shimmer:APQ3,Shimmer:APQ5,MDVP:APQ,Shimmer:DDA,NHR,HNR,RPDE,DFA,spread1,spread2,D2,PPE,Outcome
119.992,157.302,74.997,0.00784,0.00007,0.00370,0.00554,0.01109,0.04374,0.426,0.02182,0.03130,0.02971,0.06545,0.02211,21.033,0.414783,0.815285,-4.813031,0.266482,2.301442,0.284654,1
122.400,148.650,113.819,0.00954,0.00009,0.00483,0.00609,0.01448,0.06134,0.626,0.03244,0.04858,0.04712,0.08871,0.01924,20.644,0.450493,0.825070,-4.075192,0.335590,2.486855,0.368674,0
116.682,131.111,111.555,0.01050,0.00011,0.00544,0.00687,0.01632,0.05233,0.482,0.02757,0.03858,0.03789,0.08145,0.02184,21.378,0.635502,0.833124,-5.057892,0.306258,2.342259,0.410335,1
